iso,Country/Region,unit,1990,1991,1992,1993,1994,1995,1996,1997,1998,1999,2000,2001,2002,2003,2004,2005,2006,2007,2008,2009,2010,2011,2012,2013,2014,2015,2016,2017,2018,2019,2020
CHN,China,MtCO2e,1826.08,1954.9,2070.89,2298.13,2420.38,2741.38,2723.27,2786.88,2889.06,2806.46,2999.34,3199.01,3466.08,4094.34,4783.16,5494.58,6107.42,6663.14,6869.56,7389.04,8144.89,8574.58,8832.57,9271.15,9313.07,9151.3,9213.01,9441.36,9919.35,10114.97,10296.84
USA,United States,MtCO2e,4435.74,4398.72,4470.85,4586.28,4657.73,4708.19,4864.59,5134.42,5181.68,5200.25,5367.14,5356.69,5201.47,5267.44,5346.69,5361.85,5261.38,5344.56,5166.56,4764.57,5000.25,4764.69,4547.1,4683.03,4698.08,4581.54,4672.82,4597.65,4753.71,4596.26,4099.07
IND,India,MtCO2e,341.19,384.84,403.9,428.96,463.51,515.48,551.7,596.9,613.9,678.94,715.45,957.22,989.13,1015.44,1089.33,1140.12,1218.86,1340.39,1428.03,1568.54,1663.64,1690.59,1843.28,1906.27,2080.94,2091.86,2159.66,2273.21,2422.58,2388.32,2165.2
RUS,Russia,MtCO2e,1811.01,1783.92,1678.5,1527.92,1332.72,1283.13,1248.77,1137.09,1135.66,1171.91,1212.27,821.19,819.34,863.93,854.98,865.91,908.62,911.77,908.67,800.01,871.34,1034.09,1011.08,967.97,947.16,927.79,1035.34,1058.47,1125.52,1168.51,1083.43
IDN,Indonesia,MtCO2e,758.9,772.88,781.98,795.64,809.71,835.67,713.82,1427.05,848.08,788.24,734.27,569.7,938.99,697.87,966.65,763.98,1088.24,672.24,663.29,965.53,703.62,1211.24,1228.39,1173.35,1462.03,1501.22,984.37,990.63,1180.95,1393.77,1053.73
JPN,Japan,MtCO2e,1015.1,1028.55,1039.63,1032.13,1085.25,1095.51,1109.14,1097.08,1054.75,1093.44,1108.9,1075.12,1109.52,1116.68,1110.04,1118.15,1095.66,1130.45,1061.21,1004.64,1059.4,1164.56,1205.03,1218.03,1167.88,1128.88,1133.09,1119.05,1079.33,1041.85,982.26
BRA,Brazil,MtCO2e,1236.5,1244.07,1246.46,1253.88,1261.12,1279.91,1301.04,1319.96,1329.23,1339.61,1352.32,1420.58,1418.97,1412.02,1429.8,1432.97,1436.91,1453.84,1474.91,1451.28,1499.21,680.44,716.38,748.99,773.77,747.49,831.54,840.16,818.32,818.79,798.61
IRN,Iran,MtCO2e,178.06,198.69,213.24,216.31,246.28,251.1,259.4,271.98,270.58,302.95,320.04,309.8,325.61,345.51,373.39,406.53,439.91,469.87,478.78,498.03,496.9,552.05,559.12,583.7,605.36,599.18,607.27,626.48,637.49,625.31,616.62
COD,Democratic Republic of the Congo,MtCO2e,370.77,369.33,369.07,369.49,369.8,369.7,369.87,369.86,369.87,369.69,369.22,369.15,369.23,369.58,369.52,369.79,369.86,370.05,370.13,370.08,370.23,604.27,604.08,605.21,606.39,604.49,603.68,604.1,604.07,604.28,604.27
DEU,Germany,MtCO2e,922.56,899.8,860.06,854.3,843.13,841.93,871.55,839.84,832.45,800.7,797.32,847.71,833.3,836.56,820.69,802.01,814.04,783.43,789.31,734.41,772.68,735.22,748.87,764.89,724.72,731.02,735.67,720.71,696.28,647.12,591.78
CAN,Canada,MtCO2e,501.53,495.34,508.41,504.09,518.8,530.55,544.27,559.47,567.7,577.51,597.71,825.91,843.72,863.93,855.86,868.39,859.79,890.77,869.63,840.48,856.2,702.41,699.36,708.83,714.86,711.86,609.94,621.29,632.98,619.55,570.49
KOR,South Korea,MtCO2e,205.24,232.36,254.61,285.17,311.84,342.97,367.55,389.2,324.13,359.44,404.8,396.55,400.88,403.79,425.79,420.88,427.73,443.57,454.8,466.52,515.1,548.02,549.86,549.14,537.63,557.37,569.64,580.38,584.39,566.33,523.88
SAU,Saudi Arabia,MtCO2e,171.4,187.92,202.03,203.25,206.36,204.83,217.65,220.07,233.9,239.52,249.65,254.08,272.25,284.83,299.89,315.29,335.43,354.62,389.71,406.53,446.13,463.76,492.47,503.21,540.52,565.19,561.23,549.75,527.57,526.77,513.56
ZAF,South Africa,MtCO2e,253.99,248.66,245.15,252.82,258.46,270.63,280.42,294.97,302.6,284.7,290.9,326.85,337.75,359.54,386.45,384.16,386.25,403.68,433.63,410.87,432.07,415.89,433.41,443.67,454.71,431.47,432.36,441.89,446.32,453.3,399.91
MEX,Mexico,MtCO2e,291.89,310.31,313.99,322.98,348.82,329.15,345.01,364.79,387.45,377.49,401.49,312.1,319.27,337.96,347.37,365.46,381.57,390.39,392.82,381.64,396.14,492.25,500.3,489.59,476.09,485.48,490.84,488.95,459.35,466.28,397.58
AUS,Australia,MtCO2e,314.12,315.39,319.05,323.7,330.77,340.86,350.91,358.52,378.29,384.44,390.19,375.35,383.05,382.62,395.86,398.52,403.82,414.08,417.28,423.57,425.71,365.34,366.59,359.32,350.16,356.68,397.33,399.68,398.59,397.73,381.53
TUR,TÃ¼rkiye,MtCO2e,122.25,126.85,132.85,138.64,136.88,151.21,168.39,176.48,176.74,175.71,199.45,154.81,165.14,176.2,181.64,192.04,218.12,246.01,244.24,245.34,254.85,258.97,270.13,259.42,282,293.74,347.75,389.45,385.46,370.12,378.76
VNM,Vietnam,MtCO2e,-54.25,-53.78,-52.76,-49.33,-46.89,-42.15,-38.57,-32.83,-28.03,-27.13,-22.4,73.59,85.69,87.79,102.27,109.68,111.74,122.05,134.45,149.17,168.52,132.2,131.72,142.25,157.43,177.7,208.76,216.35,272.61,328.22,342.18
GBR,United Kingdom,MtCO2e,573.72,582.63,569.84,553.33,547.13,538.74,557.33,535.73,537.54,534.25,542.32,558.25,543.73,555.95,555.94,553.78,554.92,543.35,528.17,479.33,495.49,460.13,482.31,468.27,430.08,415.55,394.98,379.67,373.36,358.75,321.45
MYS,Malaysia,MtCO2e,160.88,171.36,173.44,179.3,185.99,192.24,201.53,210.22,228.9,217.36,227.77,219.33,231.76,239.23,259.89,271.38,269.2,290.41,300.95,294,306.24,81.96,82.99,101.65,128.23,116.52,301.24,288.24,309.21,314.77,310.29
THA,Thailand,MtCO2e,99.65,108.04,118.56,135.01,149.37,167.86,187.01,192.91,171.92,180.44,180.28,144.91,157.05,161.81,181.07,188.26,190.87,198.09,200.08,191.04,207.3,238.91,256.23,264.63,261.78,268.8,280.67,279.87,277.22,287.24,278.25
ITA,Italy,MtCO2e,370.65,369.47,367.67,362.32,357.67,381.8,377.54,380.91,391.76,398.4,401.68,401.77,408.67,427.4,437.6,439.03,431.85,424.57,410.18,362.25,370.47,361.93,341.99,311.7,292.74,303.11,320.44,316.28,311.98,304.3,268.37
POL,Poland,MtCO2e,352.92,354.33,346.08,346.72,342.45,342.64,357.79,347.05,320.81,311.28,298.05,237.94,231.55,241.86,245.85,245.34,258.08,257.36,252.29,241.2,257.67,299.07,291.82,286.77,274.16,277.51,282.42,295.36,294.35,277.48,261.76
EGY,Egypt,MtCO2e,87.34,88.96,90.49,92.25,87.49,93.31,98.53,105.65,110.57,116.13,114.21,126.53,129.27,132.85,144.33,162.05,170.57,183.22,189.76,197.49,200.14,206.68,215.92,214.77,220.04,227.2,235.61,244.72,238.17,218.09,210.94
KAZ,Kazakhstan,MtCO2e,236.43,245.54,253.02,218.42,198.35,174.41,152.57,131.42,135.02,121.83,119.33,115.93,129.55,144.63,156.52,167.7,183.79,196.88,240.52,212.1,228.19,235.59,234.74,250.15,199.4,181.2,199.49,211.91,213.91,201.61,208.91
FRA,France,MtCO2e,331.98,356.38,344.34,325.2,320.15,327.96,343.64,334.81,356.84,350.63,348.85,311.1,305.36,310.99,312.03,314.9,305.82,297.13,292.28,277.95,282.01,274.49,277.77,277.91,245.47,250.63,252.41,256.29,245.52,239.11,205.71
PAK,Pakistan,MtCO2e,67.07,68.35,75.02,81.8,84.3,90.78,93.87,97.41,98.24,106.82,106.42,106.9,109.39,112.73,125.38,128.67,139.37,152.88,147.8,152.4,147.44,147.14,149.27,151.45,159.69,169.61,188.11,205.73,193.86,191.09,191.11
ESP,Spain,MtCO2e,172.22,179.37,189.64,175.35,185.72,197.83,187.38,205.87,213.5,235.63,250.65,275.58,293.58,299.49,316.4,331.34,322.61,335.51,305.1,268.96,254.97,267.58,262.38,235.9,234.08,249.35,234.34,250.81,244.45,227.98,188.8
ARE,United Arab Emirates,MtCO2e,55.21,61.56,59.7,63.62,70.78,75.17,78.53,81.44,83.45,85.68,84.73,97.2,99.15,103.82,110.01,116.45,121.56,131.83,156.04,157.02,162.79,166.63,175.69,184.96,186.64,195.41,200.4,191.94,174.22,185.65,188.09
ARG,Argentina,MtCO2e,146.86,152.46,154.47,156.81,158.46,159.45,169.1,172.67,179.23,181.07,178.84,222.29,214.53,224.73,238.45,243.06,251.98,259.88,264.31,253.64,264.31,244.47,245.78,251.08,247.42,253.37,215.13,211.24,208.88,200.14,186.5
IRQ,Iraq,MtCO2e,64.07,45.41,67.2,89.42,101.98,99.93,98.74,118.77,91.65,72.58,87.49,97.5,91.11,81.23,88.06,85.08,82.91,76.6,88.08,94.15,108.5,113.12,129.09,139.19,134.13,133.25,143.78,156.95,168.65,181.18,164.01
UKR,Ukraine,MtCO2e,649.47,612.78,535.51,460.17,376.52,360.19,306.96,289.07,270.14,266.41,258,285.67,288.97,315.15,291.86,280.09,288.64,296.74,285.69,236.05,253.35,278.09,271.86,265.02,232.49,185.83,198.52,171.77,182.45,171.39,162.45
COL,Colombia,MtCO2e,141.75,143.49,145.59,149.05,149.9,152.47,151.68,157.26,157.51,148.37,151.48,139.89,137.68,137.05,136.98,138.55,138.56,140.08,140.69,143.06,144.55,126.13,126.58,134.09,136.46,137.39,166.35,158.5,162.18,162.06,161.93
DZA,Algeria,MtCO2e,63.51,67,67.42,72.79,74.18,77.01,76.7,75.01,75.22,78.08,80.62,76.24,80,85.78,87.09,91.78,97.4,100.34,105.34,109.77,111.77,120.16,134.31,138.4,147.11,155.65,154.85,157.9,164.73,170.78,161.76
NGA,Nigeria,MtCO2e,118.76,127.92,137.8,132.23,124.32,132.16,146.22,144.64,134.69,133.01,143.21,147.94,138.23,146.99,144.72,144.71,134.76,127.12,132.92,122.94,136.05,140.99,141.33,154.11,160.81,153.74,156.81,154.47,159.62,165.54,157.97
NLD,Netherlands,MtCO2e,158.44,164.18,162.93,167.04,166.5,171.01,180.52,173.19,173.61,168.31,168.96,173.72,173.94,176.81,178.53,174.34,170.11,170.96,171.63,166.9,177.52,165.43,164.14,163.75,156.45,164.03,165.16,162.37,158.04,152.57,136.95
PER,Peru,MtCO2e,80.59,79.98,80.75,81.52,82.26,85.38,87.79,87.69,86.7,88.8,88.36,91.32,92.51,91.94,96.09,96.14,95.68,98.65,103.13,106.01,109.84,137.25,136.95,138.58,141.99,143.38,146.61,144.02,144.34,146.72,136.33
PHL,Philippines,MtCO2e,43.27,42.85,46.21,49.98,53.67,63.82,69.3,76.85,76.27,74.03,74.35,72.64,73.64,75.53,77.1,78.57,71.69,75.63,77.42,78.71,84.3,84.97,88.59,97.93,104.25,113.42,123.36,135.92,141.58,148.33,135.93
MMR,Myanmar,MtCO2e,142.98,142.91,143.17,143.71,144.54,145.84,144.9,144.47,145.81,146.64,147.35,128.47,127.9,131.12,132.91,130.79,131.81,131.83,127.65,128.6,130.76,111.67,115.31,118.32,121.39,125.04,122.53,131.36,133.98,133.56,135.82
VEN,Venezuela,MtCO2e,246.06,245.42,247.53,251.81,250.95,258.45,266.25,272.01,273.71,269.95,276.01,222.34,227.28,222.27,226.14,233.9,234.06,228.91,237.63,239.1,250.64,267.74,288.83,288.16,287.14,271.03,192.66,182.09,172.57,149.94,114.99
UZB,Uzbekistan,MtCO2e,116.97,117.79,112.28,113.8,108.08,97.36,98.81,99.94,115.47,115.69,123.01,114.09,118.28,110.3,113.23,107.58,115.75,110.98,117.28,104.93,114.64,125.51,110.02,108.73,101.75,96.23,101.97,106.34,109.36,114.32,112.21
BGD,Bangladesh,MtCO2e,29.59,28.9,29.89,30.64,31.61,34.65,34.92,37.06,37.25,37.98,38.46,43.87,45.48,46.81,48.62,50.81,54.01,56.14,59.73,62.9,68.66,72.03,76.7,80.64,83.93,90.77,98.61,105.14,113.43,110.19,103.03
ZWE,Zimbabwe,MtCO2e,26.94,28.7,28.87,27.48,26.36,25.89,25.26,24.23,24.47,26.22,23.98,24.49,23.23,21.04,20.61,21.4,20.73,20.69,18.65,18.51,20.46,22.68,23.27,23.54,23.33,23.31,97.61,96.94,98.23,97.35,95.48
KWT,Kuwait,MtCO2e,29.11,7.8,23.03,30.72,36.65,36.23,35.61,37.29,42.11,45.72,49.82,53.17,55.57,58.1,61.89,69.89,72.42,70.58,75.82,77.63,80.7,83.28,85.31,87.35,85.57,89.01,91.37,90.38,92.65,93.86,92.31
QAT,Qatar,MtCO2e,12.54,14.98,14.68,16.61,18.49,19.05,20.94,25.39,26.5,29,28.67,28.65,32.5,34.74,37.07,38.54,43.94,50.03,53.28,54.31,60.91,68.52,75.43,76.54,82.17,85.21,87.07,87.47,87.1,89.49,87.58
BOL,Bolivia,MtCO2e,86.72,87.18,87.49,86.57,85.88,84.95,84.65,85.5,85.04,84.6,84.42,64.71,65.23,65.77,66.28,66.78,67.61,68.8,69.63,70.46,71.6,75.77,76.74,77.9,79.26,79.78,88.71,89.01,89.26,89.21,85.76
BEL,Belgium,MtCO2e,105.44,110.08,108.45,106.23,111.02,110.69,115.57,112.75,115.53,111.63,113.31,115.38,107.88,112.53,110.38,107.99,105.11,100.93,103.74,96.93,103.9,94.17,92.95,94.23,88.04,92.78,94.37,92.79,93.72,93.19,85.57
CZE,Czech Republic,MtCO2e,143.86,130.47,127.55,121.69,115.91,115.23,119.19,116.72,110.48,103.07,115.43,117.55,113.41,116.57,116.98,115.09,115.75,117.63,111.91,106.44,107.36,107.73,103.83,99.42,96.47,97.68,97.33,97.88,97.06,92.04,83.16
TZA,Tanzania,MtCO2e,53.5,53.47,53.47,53.52,53.52,54.35,54.69,54.51,54.33,54.18,54.59,54.76,55.19,55.39,56.68,57.26,57.58,57.48,57.63,57.48,58.46,59.57,61.13,62.23,61.64,62.29,74.35,75.35,75.7,78.64,78.12
OMN,Oman,MtCO2e,11.92,15.72,14.92,15.18,16.2,18.87,19.38,20.02,19.52,21.98,25.11,28.03,29.97,31.7,31.26,31.01,39.19,42.26,41.31,43.6,47.08,53.62,60.55,63.02,66.39,70.13,72.22,71.65,75.38,75.76,71.06
MAR,Morocco,MtCO2e,16.6,18.22,19.98,20.68,22.82,23.9,23.59,25.01,25.74,27.3,27.98,31.75,32.95,32.73,36.49,39.06,40.47,41.82,44.11,44.24,47.23,54.48,56.64,56.16,57.25,58.92,58.35,61.08,62.35,69.05,64.78
TKM,Turkmenistan,MtCO2e,44.65,37.79,28.1,26.97,33.55,33.99,30.61,30.5,31.84,37.69,38.51,38.96,41.24,46.18,49.2,50.43,51.75,58.32,59.11,52.22,59.01,65.08,66.76,63.79,62.19,63.78,64.08,63.87,63.32,63.23,63.66
ECU,Ecuador,MtCO2e,51.98,52.29,53.4,53.51,55.36,57.47,60.55,61.51,61.02,58.17,58.61,52.73,52.65,53.13,54.72,56.76,58.67,59.18,60.23,63.04,65.79,54.12,54.1,56.72,58.82,58.41,65.92,64.67,66.4,65.75,60.55
MOZ,Mozambique,MtCO2e,49.47,49.29,49.45,49.65,49.45,49.53,49.52,49.64,49.6,49.59,49.78,50.34,50.5,50.83,50.84,50.64,50.79,51.16,51.17,51.42,51.61,48.87,49.22,49.73,50.4,51.06,60.07,59.99,59.7,60.36,59.77
ISR,Israel,MtCO2e,33.78,34.5,36.83,40.48,43.34,46.75,48.71,50.94,51.48,52.96,56.97,57.95,61.07,62.92,63.15,61.01,64.32,66.59,66.7,65.72,70.51,69.78,76.02,66.96,64.67,66.27,65.31,65.99,61.51,62.88,58.55
PRK,North Korea,MtCO2e,125.72,119.35,106.12,97.83,90.03,84.65,75.07,72.45,67.33,73.03,78.24,76.14,72.95,74.49,76.07,79.43,80.69,67.39,74.59,57.01,53.44,40.35,41.74,30.89,34.48,28.37,31.48,57.64,53.47,58.91,55.8
AGO,Angola,MtCO2e,16.76,16.87,17.07,19.46,21.49,22.91,25.63,26.35,26.96,27.8,26.4,51.47,51.2,52.28,52.97,51.32,52.06,52.47,54.78,56.65,58.3,59.37,59.37,62.46,65.11,67.15,65.02,60.57,59.14,59.87,55.3
PRY,Paraguay,MtCO2e,44.1,44.05,44.51,44.85,45.37,45.81,45.76,46.14,46.3,46.3,45.56,59.92,60.08,60.24,60.28,60,60.26,60.02,60.63,60.87,61.35,73.39,73.35,73.47,73.8,74.54,53.16,53.89,54.33,54.07,53.54
BLR,Belarus,MtCO2e,86.79,83.17,74.57,63.03,51.46,44.65,45.67,46.35,44.67,42.88,40.96,47.65,47.59,48.3,51.39,52.07,54.34,52.82,55.51,52.38,56.65,62.2,63.63,63.8,63.33,58.77,53.99,54.88,57.83,56.08,53.21
GRC,Greece,MtCO2e,74.57,74.77,77.13,77.04,78.68,81.79,81.71,82.72,86.08,86.35,93.41,95.41,95.4,99.02,98.64,100.74,99.5,103.11,99.2,93.53,86.37,85.83,81.37,73.77,70.83,69.29,68.13,68.07,66.29,61.26,52.27
AUT,Austria,MtCO2e,44.98,49.12,44.37,44.5,44.99,47.88,51.6,50.92,51.37,49.75,50.24,61.93,63.39,68.49,69.82,70.27,68.13,65.27,64.76,58.45,63.99,61.4,58.23,58.88,55.18,56.38,56.77,58.94,56.2,57.57,52.22
FIN,Finland,MtCO2e,28.7,29.27,26.42,27.6,34.06,30.25,36.74,34.83,31.55,31.15,30.14,51.53,54.01,62.38,58.65,46.5,58.1,56.23,47.85,45.48,53.92,6.73,1.08,1.87,-2.11,-5.46,58.73,56.18,57.97,54.83,50.29
ETH,Ethiopia,MtCO2e,27.36,27.38,26.56,26.99,27.31,27.66,27.96,28.16,28.37,28.36,28.74,34.16,34.38,34.81,35.14,34.9,35.28,35.83,36.38,36.47,36.42,37.98,38.99,40.6,42.85,43.4,45.84,46.48,47.57,48.16,48.57
KHM,Cambodia,MtCO2e,5.43,5.47,5.52,5.55,5.59,5.64,5.7,5.81,6.05,6.08,6.13,5.73,5.78,5.95,5.95,6.23,6.54,7.23,7.63,8.32,8.71,70.29,70.6,70.66,71.87,73.36,40.07,41.67,42.56,47.1,47.66
BWA,Botswana,MtCO2e,43.83,43.76,44.33,44.28,44.11,44.22,43.94,44.09,44.71,44.91,45.1,44.94,45.1,44.99,45.08,45.39,45.19,45.42,45.5,45.29,44.48,44.99,44.52,46.52,48.08,48.04,47.73,48.44,49.17,48.34,46.91
HUN,Hungary,MtCO2e,68.94,66.07,59.52,59.9,59.3,58.97,59.99,58.52,58.88,59.43,56.16,58.58,57.88,60.44,58.55,58.12,57.66,56.05,55.21,50.03,50.08,48.18,44.7,42.04,41.9,44.66,46.09,51.29,51.03,49.06,46.57
SRB,Serbia,MtCO2e,58.99,49.29,45.94,40.27,36.7,42.4,49.75,54.34,54.37,37.86,41.08,10.62,14.2,17.61,21.91,15.09,17.42,15.87,14.24,11.28,11.51,48.39,42.95,43.63,36.14,42.57,46.55,47.26,46.11,45.94,46.24
ROU,Romania,MtCO2e,173.28,143.4,126.83,118.34,115.8,121.52,124.85,114.24,100.16,85.62,89.65,92.49,91,95.4,92.6,91.94,96.52,93.99,92.67,77.96,74.87,-201.11,-203.32,-213.07,-213.63,-211.85,48.66,51.28,52.26,51.03,45.75
SLB,Solomon Islands,MtCO2e,4.07,4.07,4.08,4.09,4.1,4.11,4.12,4.13,4.13,4.14,4.15,1.94,1.95,1.96,1.98,1.99,2,2.01,2.02,2.03,2.04,-17.47,-17.47,-17.44,-17.48,-17.52,45.71,45.71,45.71,45.72,45.63
LBY,Libya,MtCO2e,28.6,28.82,26.34,30.59,38.65,43.49,45.44,42.2,41.9,43.22,44.72,44.46,45.6,48.93,48.47,53,52.93,49.4,53.28,56.4,59.56,41.51,58.32,59.77,59.29,51.33,48.69,52.1,54.1,54.69,44.47
SGP,Singapore,MtCO2e,28.92,30.42,31.36,36.11,37.93,37.53,38.47,38.11,37,37.75,42.07,41.98,41.24,38.1,39.56,36.85,37.12,38.23,38.37,38.78,42.36,44.72,43.64,43.86,44.35,45.38,45,47.36,45.24,45.2,43.74
MNG,Mongolia,MtCO2e,36.41,38.2,36.3,35.29,33.76,33.73,32.17,32.04,32.1,32.19,32.59,32.42,33.06,32.78,33.08,34.59,35.98,36.61,36.55,37.24,37.92,38.44,39.87,41.13,40.88,40.05,40.74,42.08,44.04,45.59,43.64
CMR,Cameroon,MtCO2e,55.3,59.37,59.25,58.17,57.02,57.09,57.16,57.27,57.46,57.23,57.69,46.01,45.99,46.06,45.99,45.88,45.96,47.01,47.28,47.96,47.96,40.01,40.09,40.76,41.45,41.73,42.27,42.36,43.02,42.8,43.19
SDN,Sudan,MtCO2e,26.63,26.07,25.8,24.48,25.96,25.96,25.75,26.69,26.24,26.83,27.2,28.07,29.52,29.73,30.62,32.29,34.69,35.76,36.74,37.28,38.22,37.12,37.32,37.37,38.18,40.78,42.51,42.58,42.67,43.13,41.8
ZMB,Zambia,MtCO2e,20.8,20.94,20.91,20.58,20.2,20.19,19.8,20.31,20.2,19.83,19.96,20,20.11,20.27,20.29,20.46,20.33,20.12,20.33,20.61,20.79,36.61,37.59,37.79,38.22,38.49,38.83,40.32,41.37,41.22,41.22
IRL,Republic of Ireland,MtCO2e,38.77,39.28,39.31,39.46,40.63,41.23,42.57,43.66,46.11,47.63,50.16,52.78,51.88,52.01,52.57,54.53,55.13,54.46,53.74,48.38,48.13,44.16,44.68,43.35,43.2,44.73,46.09,44.8,44.53,42.79,40.71
PRT,Portugal,MtCO2e,42.48,44.18,48.19,47.21,48.72,52.1,50.15,52.34,57.01,63.61,63.06,61.93,66.15,61.07,62.67,66.02,60.99,59.34,57.39,56.84,51.48,49.02,47.37,45.7,45.08,49,48.95,53.53,49.71,44.81,39.22
PNG,Papua New Guinea,MtCO2e,23.94,23.95,23.95,23.99,23.83,25.76,25.84,26.13,26.88,27.91,29.23,29.37,29.84,30.15,30.79,30.3,30.08,30.29,29.83,29.94,29.91,37.14,36.84,37.11,37.64,38.17,39.16,39.07,39.79,40.34,38.72
CIV,CÃ´te d'Ivoire,MtCO2e,62.45,62.54,62.52,62.7,62.84,63.27,63.98,64.94,64.99,66.83,66.52,32.45,32.79,31.26,31.43,31.83,31.65,31.61,32.43,31.99,32.32,32.09,34.01,34.67,35.18,35.79,35.59,36.56,36.19,36.84,36.89
CHE,Switzerland,MtCO2e,42.44,44.78,44.81,42.55,41.68,42.52,43.08,41.82,43.32,43.6,42.79,43.38,41.76,43.01,43.44,44.01,43.64,41.7,43.12,41.83,43.37,39.5,40.82,41.84,38.11,37.4,37.95,36.98,35.76,35.64,33.18
BHR,Bahrain,MtCO2e,10.74,10.34,12.27,13.06,13.37,13.53,14.15,14.41,15.49,15.45,15.87,16.38,17.22,17.94,17.93,20.69,22.48,23,24.76,24.71,25.96,26.01,27.17,28.85,30.28,30.49,30.3,30.51,30.84,32.96,32.47
AZE,Azerbaijan,MtCO2e,51.9,50.48,62.03,46.47,31.94,30.9,25.61,24.91,24.91,24.54,26.11,24.58,24.36,26.75,26.5,28.23,28.67,25.81,28.63,23.68,22.5,24.43,27.26,28.09,29.4,28.92,30.32,30.04,30.81,33.6,32.39
BFA,Burkina Faso,MtCO2e,12.85,12.86,12.87,12.88,12.89,12.9,12.99,13.09,13.14,13.19,13.31,17.48,17.48,17.55,17.58,17.6,17.85,18.13,18.36,18.38,18.55,8.07,8.56,8.82,8.87,9.67,28.1,28.73,29.25,29.75,29.56
DNK,Denmark,MtCO2e,53.55,64.27,58.54,60.87,64.74,61.61,74.95,65.19,61.28,58.28,54.15,55.45,55.04,60.44,54.93,51.4,59.33,54.61,51.33,49.13,49.33,42.36,37.48,39.23,35.08,32.97,37.41,35.26,35.2,31.76,29.41
SVK,Slovakia,MtCO2e,45.41,38.54,36.7,34.92,32.3,32.97,32.77,32.87,32,31.26,28.67,30.21,29.7,29.96,29.06,30.15,29.5,28.82,28.73,25.54,27.06,26.54,24.77,25.35,22.86,23.18,30.47,32.54,31.97,30,28
LAO,Laos,MtCO2e,11.02,11.05,11.1,11.11,11.14,11.18,11.28,11.33,11.36,11.38,11.41,13.17,13.28,13.33,13.39,13.43,13.82,13.91,14.22,14.71,15.05,11.71,11.94,12.83,13.01,17.54,24.37,27.72,28.33,27.84,27.85
CHL,Chile,MtCO2e,13.78,12.49,13.59,15.71,19.07,22.21,28.14,34.53,35.26,37.68,33.68,12.95,13.64,14.72,19.49,20.49,21.67,29.1,32.51,29.97,34.27,-4.27,-2.33,2.26,-4.19,1.51,29.24,29.88,29.34,34.68,27.59
TUN,Tunisia,MtCO2e,13.75,14.29,15.38,15.7,15.74,16.13,16.65,17.22,18.02,19.05,20.15,20.66,20.84,20.65,21.71,22.23,23.16,24.06,24.65,24.68,27.01,30.6,32.99,32.48,34.86,35.51,26.53,26.96,27.24,27.26,25.51
SYR,Syria,MtCO2e,31.72,35.09,34.48,35.21,36.77,38.31,41.35,41.4,43.96,43.2,43.73,44.06,43.6,43.71,45.69,56.55,59.54,62.93,64.6,60.02,60.42,56.89,44.36,30.02,25.93,24.58,24.48,25.8,28.31,26.84,25.24
TCD,Chad,MtCO2e,8.02,8.02,8.03,8.04,8.05,8.06,8.08,8.09,8.1,8.12,8.13,17.2,17.21,17.44,17.45,17.47,17.49,17.55,17.7,17.79,17.87,26.9,27.13,27.38,27.38,27.38,24.8,24.82,24.89,24.92,24.9
NIC,Nicaragua,MtCO2e,21.43,21.42,21.74,21.7,22.03,22.15,22.32,22.52,23.02,23.04,23.26,27.53,27.66,28.16,28.13,27.94,28.15,28.3,28.1,27.99,28.11,15.72,15.64,15.43,15.71,16.24,24.9,24.92,24.51,24.62,24.07
LKA,Sri Lanka,MtCO2e,8.32,8.47,9.73,9.57,10.25,10.3,12.84,12.82,13.09,13.98,15.41,13.21,13.75,14.78,15.24,16.35,14.77,15.94,15.15,14.63,15.41,15.94,17.96,14.96,17.96,19.74,24.97,24.94,23.49,25.21,23.63
SWE,Sweden,MtCO2e,58.6,59.49,62,61.75,63.74,63.5,68.93,62.67,63.69,62.69,58.88,44.53,46.08,47.33,45.88,42.57,41.29,39.68,38.75,35.66,41.14,26.42,24.02,22.42,21.12,21.26,26.42,26.04,24.27,23.61,22.25
NZL,New Zealand,MtCO2e,-2.31,-1.99,-0.24,-0.66,-0.39,-0.25,0.83,3.1,2.59,4.02,4.86,10.11,10.03,11.89,11.32,12.72,12.75,11.75,12.65,9.65,9.53,14.89,16.71,16.49,16.57,16.88,21.89,23.63,23.11,24.7,22.06
LBN,Lebanon,MtCO2e,5.64,7.05,7.03,10.34,11.29,13.32,14.14,16.14,16.27,17.05,15.69,16.9,16.84,17.42,17.89,17.29,16.24,15.05,18.65,21.91,20.87,21.1,23.39,23.17,25.08,26.94,27.68,29.09,27.32,26.84,21.4
NOR,Norway,MtCO2e,18.21,16.23,19.1,21.33,23.31,23.24,23.44,25.37,26.72,28.57,23.2,15.86,15.51,18.34,18.52,17.56,18.41,18.97,18.09,18.66,21.38,24.22,23.94,24.79,24.83,25.48,24.76,24.36,23.81,22.87,21.4
DOM,Dominican Republic,MtCO2e,0.59,0.96,2.35,2.25,3.87,4.58,5.46,7.23,9.35,10.53,11.4,17.05,18.95,16.79,15.34,16.75,18.43,18.69,18.64,17.72,18.74,19.74,20.51,20.11,20.28,22.42,23.04,21.99,23.81,24.22,21.32
CUB,Cuba,MtCO2e,24.8,16.59,10.95,9.33,10.89,12.35,14.38,16.62,16.29,17.17,17.53,17.21,16.17,15.37,15.11,16.06,16.53,17.42,16.49,16.73,17.86,14.88,15.98,16.16,13.97,16.5,24.13,23.19,23.63,21.37,21.28
JOR,Jordan,MtCO2e,9.93,9.78,11.93,12.2,12.99,13.6,13.87,14.37,14.62,14.63,16.27,16.25,16.87,17.31,18.58,19.87,20.17,21.09,20.01,20.66,20.2,20.76,24.12,23.8,25.55,25.31,24.73,26.02,24.71,23.15,20.97
GTM,Guatemala,MtCO2e,20.06,20.16,20.96,21.24,21.57,22.49,22.33,22.69,24.43,24.34,25.57,23.56,24.21,24.29,24.5,25.27,25.27,26.16,24.99,25.6,25.19,19.49,19.9,20.76,21.71,24.17,20.72,19.8,21.35,22.29,20.14
UGA,Uganda,MtCO2e,15.09,15.11,15.12,15.12,15.03,15.29,15.39,15.45,15.61,15.63,15.63,15.64,15.82,15.9,15.96,16.35,16.73,17.19,17.3,17.68,17.65,18.07,18.1,18.01,18.43,19.03,19.26,19.48,20.18,20.28,20
BIH,Bosnia and Herzegovina,MtCO2e,27.29,24.76,19.29,16.73,6.49,6.69,7.51,11.81,14.08,13.84,17.28,14.18,14.97,15.28,15.99,16.64,18.32,19.3,21.17,21,21.26,20.09,18.31,18.2,15.86,15.98,20.69,21.02,20.95,19.44,19.27
BEN,Benin,MtCO2e,15.32,15.27,15.28,15.28,15.27,15.3,15.97,16.23,16.21,16.33,16.42,12.45,12.89,13.15,13.36,13.61,14.18,14.71,14.73,15.13,15.54,15.36,15.16,15.39,15.9,16.22,17.45,17.59,18.31,18.19,18.69
SOM,Somalia,MtCO2e,18.09,18.06,18.04,18,17.99,17.95,17.93,17.9,17.87,17.85,17.84,17.86,17.92,17.93,17.93,17.93,17.93,17.98,17.97,17.97,17.98,17.98,17.98,18,18,18,18.01,18.01,18.01,18.01,18.01
NPL,Nepal,MtCO2e,-1.13,-0.88,-0.83,-0.66,-0.32,-0.2,-0.14,0.1,0.24,1.27,1.38,-1.22,-1.9,-1.67,-1.88,-1.51,-2.09,-2.02,-1.72,-0.83,-0.07,7.66,8.45,8.55,9.59,9.65,13.15,15.66,17.54,16.23,17.32
COG,Republic of the Congo,MtCO2e,11.69,11.68,11.61,11.18,10.54,11.11,11.61,11.69,12.31,12.43,12.74,12.52,11.04,11.49,11.78,12.6,13.08,12.43,12.69,13.17,13.77,13.82,13.89,13.98,13.9,14.38,15.14,15.06,15.91,16.73,16.84
GIN,Guinea,MtCO2e,11.49,11.52,11.55,11.58,11.62,11.65,11.72,11.78,11.86,11.93,11.98,12.41,12.46,12.53,12.59,12.65,12.72,12.79,12.83,12.94,13.33,13.49,13.33,13.03,13.09,13.39,14.74,15.26,15.67,16.47,16.49
LTU,Lithuania,MtCO2e,37.98,40.06,25.77,21.52,20.58,19.52,19.98,19.66,20.43,17.93,16.2,16.33,16.38,16.38,17.02,17.92,18.11,18.31,18.16,16.77,17.67,10.82,10.91,10.31,9.79,9.99,15.57,15.58,16,16.07,16.04
GUY,Guyana,MtCO2e,6.62,6.59,6.52,7.17,7.49,7.94,8.2,8.4,8.43,8.55,8.48,9.17,9.16,9.15,9.57,9.37,9.22,9.49,9.48,9.51,9.63,17.37,17.53,17.5,17.58,17.59,15.36,15.35,15.46,15.65,15.62
TTO,Trinidad and Tobago,MtCO2e,13.23,13.13,13.23,10.8,8.87,8.7,9.28,9.77,10.01,9.98,10.29,11.76,12.81,15.58,16.23,17.72,20.19,20.62,20.15,19.17,21.58,22.36,21.61,22.3,22.13,21.42,18.42,18.35,17.89,17.32,15.55
SEN,Senegal,MtCO2e,7.21,7.22,7.45,7.39,7.49,7.65,7.81,8.1,8.48,8.85,8.95,10.82,10.95,10.86,11.76,12.04,11.94,12.57,12.81,13.04,13.4,12.04,11.93,12.48,13.04,13.76,14.46,14.13,14.51,16.63,15.01
LBR,Liberia,MtCO2e,13.83,13.75,13.78,13.79,13.79,13.8,13.81,13.83,13.87,13.78,13.82,13.85,13.85,13.88,13.97,14.08,14.1,14.05,13.95,13.94,14.14,14.26,14.35,14.32,14.62,14.66,14.81,14.68,14.53,14.55,14.59
NAM,Namibia,MtCO2e,FALSE,11.68,11.78,11.97,12.2,12.33,12.48,12.53,12.58,12.54,12.5,13.02,12.69,12.83,12.94,13.09,13.05,13.11,13.49,13.56,13.66,13.86,14.07,14.32,14.49,14.7,14.71,14.78,14.84,14.88,14.51
HND,Honduras,MtCO2e,7.99,7.99,8.27,8.43,8.79,9.4,9.44,9.57,10.21,10.28,10.52,11.16,11.44,12.08,12.91,12.33,13.33,13.89,13.94,13.43,13.28,15.37,15.88,15.58,15.78,16.44,15.92,14.9,14.56,15.72,14.36
CAF,Central African Republic,MtCO2e,14.1,14.09,14.1,14.11,14.11,14.11,14.12,14.12,14.18,14.19,14.19,14.2,14.2,14.18,14.18,14.17,14.19,14.19,14.12,14.12,14.13,14.15,14.15,14.08,14.09,14.14,14.17,14.18,14.19,14.21,14.21
PAN,Panama,MtCO2e,8.52,8.95,9.46,9.62,9.86,10.18,10.23,10.46,11.55,10.84,11.11,10.45,9.64,9.76,9.84,11.35,11.72,11.72,11.53,12.93,13.42,14.22,14.69,14.48,14.99,14.84,14.88,14.37,14.15,17.33,13.81
SSD,South Sudan,MtCO2e,10.14,10.12,10.07,9.96,10.05,10.15,10.16,10.24,10.2,10.25,10.28,10.49,10.63,10.71,10.9,10.86,10.95,11.12,11.18,11.24,11.26,10.95,10.75,10.77,10.81,11.26,13.4,13.14,13.37,13.25,13.15
SVN,Slovenia,MtCO2e,4.14,3.35,3.44,4.17,4.22,5.08,5.9,6.34,6.11,5.56,5.19,3.87,4.01,3.9,4.18,4.4,4.78,4.77,5.84,4,4.27,13.08,12.5,11.93,10.49,10.52,14.26,14.48,14.43,14.03,12.84
KEN,Kenya,MtCO2e,1.97,1.72,1.79,1.69,1.81,2.27,2.9,2.5,3.12,3.42,4.33,23.05,22.83,22.01,22.83,23.88,24.93,25.04,25.58,27.59,28.59,22.31,21.32,22.73,25.04,26.43,11.74,12.53,11.68,11.91,11.87
SUR,Suriname,MtCO2e,4.83,5.12,5.13,5.2,5.21,5.27,5.34,5.38,5.39,5.47,4.8,5.17,4.77,4.89,5.22,5.51,5.35,5.23,5.27,5.26,5.56,10.06,10.55,10.39,10.72,10.83,12.17,11.66,11.36,11.87,11.82
MDG,Madagascar,MtCO2e,28.7,28.76,28.77,28.8,29.02,29.22,29.16,29.28,29.49,29.58,29.56,22.68,22.12,22.55,22.64,22.71,22.64,22.73,22.78,22.68,22.87,11.24,11.79,11.97,12.05,12.33,12.22,12.51,12.34,12.99,11.81
EST,Estonia,MtCO2e,34.79,32.11,23.21,18.53,18.88,16.8,17.8,18.19,16.92,16.35,15.93,16.27,15.88,17.78,17.93,18,17.3,21.01,18.74,15.33,19.86,15.02,13.52,15.39,14.13,10.91,20.5,21.37,20.35,14.68,11.73
GAB,Gabon,MtCO2e,7.53,7.99,7.96,8.09,8.05,8.64,9.24,9,9.82,9.5,9.56,9.19,8.93,9.42,9.09,9.06,8.44,7.94,8.27,8.21,8.76,12.03,11.85,12.04,12.22,12.37,12.64,11.6,11.39,11.53,11.62
HRV,Croatia,MtCO2e,19.48,13.89,14.17,14.68,14.01,14.6,14.4,16.21,17.67,17.66,17.18,18.36,19.44,20.77,20.26,20.61,20.76,22.04,20.89,19.47,18.62,17.53,15.9,15.51,14.74,15.1,12.53,13.06,12.09,12.18,11.28
GEO,Georgia,MtCO2e,15.21,7.23,1.81,-2.17,-7.82,-10.09,-11.9,-12.75,-13.28,-13.75,-13.49,0,-0.56,-0.36,-0.14,0.73,1.18,2.11,1.32,2.11,1.81,6.52,7.19,8.02,8.65,9.4,9.81,9.91,9.73,10.55,10.26
YEM,Yemen,MtCO2e,6.64,8.5,9.13,8.55,9.34,10.53,10.8,11.64,12.46,14.06,15.03,16.07,16.09,18.7,19.63,21.11,21.92,23.27,24.22,26.57,25.43,22.95,21.01,27.82,27.43,13.55,10.04,9.68,11.35,11.19,9.96
BRN,Brunei,MtCO2e,4.56,4.69,4.89,5.23,5.57,5.92,6.09,6.62,8.85,5.64,5.94,5.95,5.82,6.82,6.29,6.19,8.69,8.3,9.07,9.05,8.33,7.58,7.55,7.45,7.39,6.68,7.26,7.53,7.78,7.31,9.89
MWI,Malawi,MtCO2e,8.63,8.7,8.7,8.79,8.81,8.82,8.84,8.83,8.82,8.86,8.8,8.78,8.8,8.83,8.84,8.8,8.81,8.87,8.96,8.99,8.94,9.03,9.03,9.1,8.96,9.01,9.14,9.32,9.53,9.56,9.55
TJK,Tajikistan,MtCO2e,11.05,10.21,7.72,5.2,3.07,2.54,2.27,2.55,2.8,2.58,2.23,1.8,1.78,1.82,2.25,2.12,2.34,2.92,2.69,2.06,2.1,2.16,2.61,2.79,4.18,4.5,5.37,6.63,7.97,8.84,9.2
AFG,Afghanistan,MtCO2e,-0.34,-0.45,-0.86,-0.86,-0.9,-0.93,-0.98,-1.04,-1.07,-1.27,-1.31,1.21,1.52,1.78,1.41,2.08,2.41,2.97,4.5,6.68,8.7,11.72,9.96,9.16,9.04,9.81,9.45,10.18,11.13,11.39,8.86
MDA,Moldova,MtCO2e,30.3,24.37,20.09,17.19,13.91,11.91,10.17,9.35,8.42,7.12,6.48,6.09,6.25,6.83,6.83,7.23,7.03,7.2,7.21,6.69,7.35,7.96,7.75,6.8,7.33,7.63,8.31,8.23,8.72,9.11,8.8
GNQ,Equatorial Guinea,MtCO2e,3.9,3.9,4.73,4.81,4.88,4.95,5.06,5.52,5.88,7.14,5.81,6.72,6.37,6.63,9.35,9.44,9.42,10.16,9.65,9.9,9.88,9.92,9.7,9.82,9.78,9.33,9.66,9.2,8.9,8.71,8.18
LUX,Luxembourg,MtCO2e,10.65,11.12,10.8,11.01,10.17,8.02,8.1,7.6,6.93,7.28,8.01,8.6,9.3,9.73,11.15,11.4,11.2,10.6,10.51,9.93,10.51,10.67,10.46,9.94,9.41,8.9,8.57,8.73,9.05,9.23,7.58
SLV,El Salvador,MtCO2e,3.46,4.15,4.43,5,5.54,6.04,5.47,6.4,6.75,6.69,6.71,6.95,7.02,7.59,7.76,7.92,8.32,8.71,7.99,7.76,7.62,7.86,7.85,7.54,7.67,8.08,8.21,7.43,7.93,8.99,7.46
LVA,Latvia,MtCO2e,8.17,6.59,3.31,1.09,-0.45,-1.51,-1.49,-1.93,-2.29,-2.71,-3.1,-3.85,-3.84,-3.58,-3.49,-3.38,-2.86,-2.49,-2.87,-3.6,-2.4,8.15,7.83,7.72,7.5,7.53,7.23,7.2,7.88,7.65,7.02
MKD,North Macedonia,MtCO2e,8.59,8.38,8.33,8.64,8.35,8.31,9.86,8.79,9.65,8.88,8.52,8.67,8.13,8.83,8.54,8.88,8.85,9.33,9.12,8.51,8.33,9.16,8.8,7.86,7.44,7.14,6.96,7.44,6.95,7.96,6.8
ARM,Armenia,MtCO2e,19.98,20.82,10.89,5.11,2.84,3.57,2.61,3.45,3.62,3.23,3.69,3.73,3.24,3.62,3.89,4.58,4.61,5.33,5.81,4.63,4.46,4.86,5.64,5.42,5.4,5.27,5.1,5.41,5.75,6.23,6.78
CYP,Cyprus,MtCO2e,4.52,5.04,5.41,5.67,5.91,5.78,6.14,6.24,6.54,6.8,7.06,6.73,6.9,7.57,7.52,7.64,7.74,8.04,8.23,8.01,7.63,7.32,6.78,6.11,6.49,6.53,6.97,7.11,6.95,6.94,6.52
JAM,Jamaica,MtCO2e,7.82,7.76,8.5,8.68,8.74,9.04,9.41,9.57,10.12,10.4,10.49,7.63,7.8,8.14,8.12,8.11,9.61,9.58,7.18,5.44,5.04,7.74,7.18,7.62,7.41,7.31,7.71,7.39,8.75,8.54,5.98
BLZ,Belize,MtCO2e,6.84,6.94,6.88,6.9,6.9,6.9,6.83,6.91,6.89,6.86,6.91,3.68,3.65,3.65,3.61,3.63,3.66,3.7,3.66,3.75,3.75,6.01,5.9,5.89,5.92,6.11,5.84,5.84,5.83,5.94,5.89
KGZ,Kyrgyzstan,MtCO2e,21.74,19.4,12.74,9.06,5.52,3.57,4.74,4.66,5,3.76,3.62,3.95,4.96,5.57,5.55,5.3,5.35,6.46,7.43,6.73,6.39,6.95,9.41,8.72,9.11,9.53,6.41,6.17,8.04,6.75,5.81
URY,Uruguay,MtCO2e,-9.34,-8.82,-8.42,-8.7,-8.92,-8.49,-7.73,-7.62,-7.41,-6.4,-7.73,-4.98,-5.39,-5.44,-4.46,-4.51,-3.59,-4.07,-2.17,-2.26,-3.64,0.76,1.67,0.51,-0.35,-0.19,4.81,4.39,4.83,5.09,4.8
SLE,Sierra Leone,MtCO2e,3.66,3.69,3.67,3.67,3.7,3.58,3.66,3.57,3.59,3.54,3.68,3.79,3.84,3.9,3.88,3.79,3.94,3.85,3.86,3.86,3.91,4.08,4.2,4.38,4.48,4.43,4.52,4.47,4.39,4.38,4.39
MLI,Mali,MtCO2e,0.44,0.44,0.48,0.52,0.57,0.61,0.67,0.74,0.96,1,1.09,1.2,1.24,1.28,1.45,1.5,1.58,1.84,2.02,1.94,2.15,2.35,2.51,2.81,3.17,3.34,3.41,3.63,3.87,3.94,4.15
ALB,Albania,MtCO2e,6.24,4.3,2.42,2.26,2.27,2.13,2.15,1.66,1.99,3.17,3.37,2.11,2.64,3.01,3.2,2.97,2.96,3.14,3.09,3.25,3.66,4.29,3.69,3.94,4.34,3.95,4.33,5.16,5.07,4.75,4.14
HTI,Haiti,MtCO2e,1.09,1.07,0.97,0.76,0.26,0.97,1.13,1.34,1.38,1.45,1.54,1.67,1.9,1.88,1.74,1.77,1.79,2.11,2.1,2.06,2.53,3.35,3.07,3.3,3.67,3.93,4,3.96,3.92,3.95,3.84
BDI,Burundi,MtCO2e,5.17,5.21,5.18,5.19,5.19,5.31,5.33,5.36,5.4,5.44,5.47,3.33,3.34,3.29,3.27,3.28,3.32,3.32,3.32,3.32,3.45,-1.46,-1.46,-1.45,-1.45,-1.45,3.54,3.62,3.74,3.75,3.74
MUS,Mauritius,MtCO2e,1.14,1.23,1.3,1.45,1.49,1.53,1.59,1.6,1.77,2.18,2.41,2.65,2.7,2.83,2.85,3.05,3.39,3.48,3.55,3.51,3.75,3.64,3.73,3.82,3.95,3.97,4.01,4.15,4.11,4.15,3.7
NER,Niger,MtCO2e,6.24,6.21,6.17,6.24,6.22,6.2,6.28,6.28,6.34,6.32,6.33,1.89,1.92,1.98,2.01,1.97,1.97,2.04,2.09,2.31,2.59,2.63,3.12,3.2,3.39,3.34,3.34,3.15,3.2,3.4,3.44
TGO,Togo,MtCO2e,3.64,3.59,3.41,3.3,3.57,3.64,4.02,3.43,3.86,4.37,3.93,2.12,2.29,2.78,2.72,2.69,2.51,2.45,2.51,3.77,3.58,3.46,3.18,2.69,2.53,2.77,3.12,2.83,3,3.25,3.23
MRT,Mauritania,MtCO2e,1.24,1.26,1.29,1.31,1.35,1.4,1.46,1.45,1.39,1.51,1.52,1.57,1.67,1.7,1.81,1.84,1.86,2.11,2.19,2.39,2.47,2.58,2.75,2.5,2.93,3.36,1.5,2.33,2.63,2.74,2.76
RWA,Rwanda,MtCO2e,3.01,2.96,2.96,2.96,2.94,2.95,2.96,2.98,2.98,2.99,3.15,2.95,3.06,2.95,2.92,2.98,2.98,2.92,2.92,2.94,2.97,2.11,2.18,2.27,2.29,2.45,2.43,2.53,2.67,2.72,2.64
MNE,Montenegro,MtCO2e,1.58,1.02,1.15,0.96,0.92,0.99,1.22,1.33,1.42,0.87,1.18,-2.46,-2.36,-2.23,-2.08,-2.12,-1.94,-2.03,-1.43,-2.38,-1.54,2.57,2.37,2.3,2.25,2.39,2.19,2.3,2.54,2.62,2.55
BHS,The Bahamas,MtCO2e,2.01,2.09,1.95,1.83,1.85,1.92,1.89,1.7,2.08,2.13,2.12,2.03,2.07,2.12,2.09,1.96,1.91,1.93,1.98,2.01,1.98,2.18,2.39,2.81,2.52,2.21,2.04,2.17,2.8,2.62,2.46
LSO,Lesotho,MtCO2e,1.4,1.45,1.5,1.54,1.58,1.61,1.64,1.67,1.71,1.73,1.75,1.77,1.8,1.83,1.87,1.9,1.92,1.96,2.01,2.1,2.16,2.89,2.92,2.21,2.35,2.14,2.13,2.4,2.28,2.3,2.31
ISL,Iceland,MtCO2e,2.66,2.62,2.66,2.69,2.8,2.71,2.98,2.86,2.86,2.83,2.94,2.83,2.91,2.89,2.98,2.93,2.98,3.05,2.85,2.78,2.63,2.5,2.47,2.64,2.66,2.67,2.25,2.28,2.31,2.25,2.06
GNB,Guinea-Bissau,MtCO2e,1.66,1.66,1.67,1.67,1.67,1.67,1.66,1.68,1.66,1.68,1.63,1.64,1.64,1.68,1.69,1.7,1.7,1.72,1.71,1.72,1.73,1.73,1.73,1.73,1.75,1.77,1.79,1.79,1.8,1.81,1.81
MLT,Malta,MtCO2e,2.31,2.21,2.17,2.81,2.51,2.38,2.32,2.47,2.37,2.41,2.13,2.49,2.32,2.61,2.6,2.63,2.65,2.72,2.72,2.51,2.59,2.57,2.72,2.37,2.36,1.66,1.35,1.52,1.55,1.65,1.61
MDV,Maldives,MtCO2e,0.16,0.16,0.23,0.2,0.2,0.26,0.28,0.34,0.31,0.43,0.46,0.48,0.61,0.53,0.69,0.63,0.79,0.81,0.87,0.92,0.96,1.01,1.14,1.13,1.36,1.34,1.47,1.55,1.78,2,1.45
ERI,Eritrea,MtCO2e,0.44,0.44,0.87,1.07,1.17,1.23,1.31,1.26,1.05,1.08,1.07,1.15,1.14,1.15,1.16,1.05,0.99,0.98,0.91,0.93,0.96,0.98,1.01,0.97,0.98,0.96,1.03,1.03,1.13,1.15,1.16
GMB,The Gambia,MtCO2e,0.72,0.73,0.73,0.73,0.73,0.74,0.75,0.76,0.77,0.79,0.77,0.84,0.82,0.82,0.84,0.86,0.88,0.94,0.96,1.01,0.96,0.97,0.98,0.96,1.03,1.11,1.12,1.13,1.13,1.13,1.14
BRB,Barbados,MtCO2e,1,1,0.93,0.88,0.93,0.95,0.98,1.07,1.14,1.21,1.19,1.22,1.2,1.25,1.28,1.32,1.35,1.37,1.62,1.6,1.48,1.52,1.47,1.44,1.28,1.27,1.29,1.18,1.27,1.17,1.09
SWZ,Eswatini,MtCO2e,0.97,0.96,0.78,0.69,1.32,1.28,1,1.02,1.04,1.13,0.96,0.98,0.95,0.87,0.86,0.85,0.86,0.9,0.88,0.91,0.72,0.68,0.67,0.82,0.84,0.88,0.99,0.98,0.98,1.04,1.02
TLS,East Timor,MtCO2e,0.46,0.46,0.46,0.46,0.46,0.46,0.46,0.46,0.46,0.46,0.46,0.46,0.63,0.63,0.65,0.64,0.65,0.65,0.67,0.7,0.71,0.72,0.76,0.83,0.91,0.9,0.98,1.03,0.97,1.08,0.91
SYC,Seychelles,MtCO2e,0.15,0.18,0.18,0.19,0.21,0.2,0.24,0.28,0.29,0.31,0.29,0.32,0.35,0.34,0.38,0.38,0.39,0.4,0.42,0.45,0.44,0.41,0.42,0.41,0.46,0.5,0.57,0.57,0.6,0.6,0.6
CPV,Cape Verde,MtCO2e,-0.33,-0.34,-0.33,-0.34,-0.33,-0.31,-0.29,-0.28,-0.26,-0.21,-0.2,0.3,0.33,0.36,0.35,0.39,0.46,0.4,0.41,0.45,0.48,0.5,0.46,0.44,0.43,0.44,0.48,0.52,0.53,0.55,0.56
ATG,Antigua and Barbuda,MtCO2e,0.22,0.22,0.22,0.22,0.23,0.24,0.25,0.27,0.29,0.3,0.31,0.32,0.34,0.36,0.37,0.38,0.4,0.42,0.43,0.45,0.47,0.46,0.47,0.47,0.48,0.49,0.5,0.5,0.51,0.51,0.47
AND,Andorra,MtCO2e,0.41,0.41,0.41,0.41,0.41,0.43,0.45,0.47,0.49,0.51,0.52,0.52,0.53,0.53,0.56,0.58,0.55,0.54,0.54,0.52,0.52,0.49,0.49,0.48,0.46,0.47,0.47,0.47,0.49,0.48,0.45
DJI,Djibouti,MtCO2e,0.27,0.29,0.3,0.31,0.3,0.32,0.3,0.33,0.39,0.39,0.37,0.38,0.4,0.41,0.4,0.43,0.43,0.47,0.47,0.47,0.52,0.47,0.49,0.56,0.4,0.45,0.4,0.4,0.41,0.43,0.43
COM,Comoros,MtCO2e,0.13,0.13,0.13,0.13,0.13,0.14,0.14,0.14,0.15,0.16,0.16,0.17,0.17,0.2,0.21,0.21,0.23,0.17,0.17,0.2,0.23,0.21,0.22,0.25,0.23,0.25,0.28,0.34,0.36,0.39,0.39
STP,São Tomé and Príncipe,MtCO2e,0.06,0.06,0.05,0.05,0.06,0.06,0.06,0.06,0.06,0.06,0.06,0.06,0.07,0.07,0.08,0.09,0.09,0.09,0.1,0.1,0.11,0.32,0.33,0.34,0.33,0.34,0.34,0.35,0.35,0.36,0.36
LCA,Saint Lucia,MtCO2e,0.05,0.06,0.09,0.11,0.14,0.15,0.18,0.18,0.21,0.22,0.23,0.27,0.25,0.28,0.3,0.29,0.31,0.32,0.32,0.32,0.39,0.36,0.36,0.36,0.36,0.35,0.36,0.38,0.38,0.39,0.35
GRD,Grenada,MtCO2e,0.11,0.12,0.13,0.13,0.14,0.15,0.17,0.18,0.2,0.21,0.2,0.21,0.21,0.22,0.22,0.23,0.24,0.25,0.26,0.26,0.27,0.26,0.28,0.32,0.25,0.27,0.28,0.29,0.32,0.35,0.32
WSM,Samoa,MtCO2e,0.2,0.21,0.21,0.22,0.21,0.22,0.24,0.24,0.25,0.25,0.26,0.27,0.28,0.28,0.28,0.29,0.28,0.29,0.28,0.28,0.3,0.3,0.31,0.31,0.32,0.34,0.35,0.36,0.36,0.39,0.31
BGR,Bulgaria,MtCO2e,51.77,36.99,33.53,34.09,31.89,33.05,33.47,31.16,28.64,22.48,21.58,22.57,19.98,24.31,23.64,24.36,25.33,28.97,26.41,19.27,21.11,37.45,32.84,27.47,29.86,32.36,7.71,10.01,7.02,5.28,0.26
KNA,Saint Kitts and Nevis,MtCO2e,0.11,0.12,0.12,0.12,0.13,0.13,0.14,0.15,0.16,0.17,0.18,0.19,0.2,0.2,0.22,0.2,0.21,0.22,0.22,0.23,0.23,0.24,0.23,0.23,0.23,0.24,0.24,0.24,0.25,0.25,0.23
VCT,Saint Vincent and the Grenadines,MtCO2e,0.04,0.04,0.04,0.06,0.08,0.09,0.09,0.1,0.12,0.13,0.11,0.19,0.2,0.21,0.23,0.23,0.23,0.25,0.23,0.29,0.23,0.22,0.24,0.23,0.27,0.25,0.26,0.23,0.25,0.24,0.22
PLW,Palau,MtCO2e,FALSE,FALSE,0.2,0.2,0.2,0.2,0.2,0.2,0.2,0.2,0.21,0.22,0.22,0.22,0.22,0.23,0.23,0.22,0.21,0.2,0.21,0.21,0.22,0.22,0.22,0.2,0.21,0.21,0.21,0.22,0.16
DMA,Dominica,MtCO2e,0.12,0.12,0.12,0.12,0.12,0.14,0.12,0.15,0.15,0.16,0.18,0.13,0.1,0.11,0.13,0.14,0.14,0.15,0.16,0.15,0.16,0.15,0.16,0.16,0.17,0.17,0.17,0.15,0.15,0.16,0.15
LIE,Liechtenstein,MtCO2e,0.22,0.23,0.23,0.24,0.22,0.23,0.23,0.24,0.25,0.25,0.24,0.24,0.25,0.26,0.26,0.26,0.26,0.23,0.25,0.23,0.22,0.18,0.19,0.19,0.16,0.16,0.15,0.16,0.14,0.15,0.14
VUT,Vanuatu,MtCO2e,0.07,0.07,0.06,0.06,0.06,0.07,0.09,0.09,0.08,0.09,0.09,0.09,0.08,0.09,0.06,0.06,0.06,0.1,0.1,0.13,0.13,0.13,0.12,0.11,0.16,0.13,0.15,0.14,0.18,0.17,0.12
TON,Tonga,MtCO2e,0.08,0.09,0.08,0.09,0.09,0.1,0.08,0.09,0.09,0.11,0.1,0.09,0.1,0.12,0.12,0.12,0.13,0.12,0.13,0.14,0.12,0.11,0.11,0.11,0.11,0.11,0.12,0.13,0.13,0.16,0.12
MHL,Marshall Islands,MtCO2e,FALSE,FALSE,0.08,0.09,0.09,0.09,0.09,0.09,0.1,0.1,0.1,0.11,0.12,0.11,0.12,0.12,0.13,0.13,0.13,0.14,0.14,0.14,0.14,0.14,0.14,0.15,0.15,0.15,0.15,0.15,0.11
FSM,Federated States of Micronesia,MtCO2e,FALSE,-0.03,0.11,0.12,0.13,0.16,0.16,0.17,0.18,0.17,0.16,0.14,0.13,0.14,0.12,0.09,0.09,0.11,0.09,0.12,0.08,0.09,0.1,0.11,0.11,0.12,0.11,0.11,0.11,0.11,0.07
KIR,Kiribati,MtCO2e,0.02,0.02,0.03,0.03,0.03,0.03,0.03,0.03,0.03,0.03,0.04,0.03,0.04,0.05,0.05,0.06,0.07,0.06,0.06,0.06,0.05,0.05,0.06,0.06,0.06,0.06,0.06,0.07,0.07,0.07,0.06
COK,Cook Islands,MtCO2e,0.02,0.02,0.02,0.03,0.03,0.03,0.03,0.03,0.03,0.03,0.03,0.05,0.04,0.05,0.05,0.06,0.06,0.06,0.07,0.06,0.07,0.08,0.08,0.08,0.08,0.07,0.07,0.08,0.08,0.08,0.06
NRU,Nauru,MtCO2e,0.13,0.13,0.12,0.11,0.11,0.11,0.1,0.1,0.1,0.09,0.09,0.08,0.08,0.07,0.06,0.06,0.04,0.04,0.04,0.04,0.04,0.04,0.04,0.05,0.05,0.05,0.05,0.06,0.05,0.05,0.04
TUV,Tuvalu,MtCO2e,0.01,0.01,0.01,0.01,0.01,0.01,0.01,0.01,0.01,0.01,0.01,0.01,0.01,0.01,0.01,0.01,0.01,0.01,0.01,0.01,0.01,0.01,0.01,0.01,0.01,0.01,0.01,0.01,0.01,0.01,0.01
NIU,Niue,MtCO2e,0.01,0.01,0.01,0.01,0.01,0.01,0.01,0.01,0.01,0.01,0.01,0.01,0.01,0.01,0.01,0.01,0.01,0.01,0.01,0.01,0.01,0,0,0,0,0,0,0,0,0,0
BTN,Bhutan,MtCO2e,-6.42,-6.43,-6.4,-6.43,-6.4,-6.36,-6.31,-6.23,-6.23,-6.23,-6.22,-6.23,-6.2,-6.23,-6.3,-6.21,-6.21,-6.21,-6.19,-6.21,-6.12,-0.57,-0.48,-0.41,-0.3,-0.27,-0.09,-0.01,0.14,0.11,-0.28
CRI,Costa Rica,MtCO2e,5.27,5.46,6.55,6.58,7.25,7.21,6.93,6.9,7.42,7.44,7.35,4.91,5,5.28,5.42,5.75,6.03,7.08,6.99,6.68,6.58,0.1,0.12,0.45,0.49,0.2,0.67,0.83,0.82,0.58,-0.41
FJI,Fiji,MtCO2e,-1.85,-1.85,-1.81,-1.82,-1.82,-1.82,-1.76,-1.78,-1.8,-1.78,-1.73,-1.53,-1.7,-1.54,-1.25,-1.5,-1.37,-1.44,-1.71,-1.81,-1.45,-1.52,-1.58,-1.51,-1.36,-1.31,-1.37,-1.24,-1.18,-1.18,-1.54
GHA,Ghana,MtCO2e,12.37,12.11,12.51,12.55,12.77,13.04,13.34,13.46,15.3,15.68,14.81,51.28,52.5,52.22,51.76,52.16,53.63,54.25,53.8,55.15,56.21,40.19,42.26,43.28,42.75,43.7,-10.41,-9.82,-8.17,-6.91,-5.55
Data source,Climate Watch,,,,,,,,,,,,,,,,,,,,,,,,,,,,,,,,
Data for,"Location, West Virginia",,,,,,,,,,,,,,,,,,,,,,,,,,,,,,,,
